{
  "indexes": [
    {
      "collectionGroup": "athletes",
      "queryScope": "COLLECTION",
      "fields": [
        { "fieldPath": "orgId", "order": "ASCENDING" },
        { "fieldPath": "teamId", "order": "ASCENDING" }
      ]
    },

    {
      "collectionGroup": "athletes",
      "queryScope": "COLLECTION",
      "fields": [
        { "fieldPath": "orgId", "order": "ASCENDING" },
        { "fieldPath": "createdAt", "order": "DESCENDING" }
      ]
    },

    {
      "collectionGroup": "coaches",
      "queryScope": "COLLECTION",
      "fields": [
        { "fieldPath": "orgId", "order": "ASCENDING" },
        { "fieldPath": "assignedAt", "order": "DESCENDING" }
      ]
    },

    {
      "collectionGroup": "coaches",
      "queryScope": "COLLECTION",
      "fields": [
        { "fieldPath": "orgId", "order": "ASCENDING" },
        { "fieldPath": "campaignId", "order": "ASCENDING" }
      ]
    },

    {
      "collectionGroup": "campaignAthletes",
      "queryScope": "COLLECTION",
      "fields": [
        { "fieldPath": "campaignId", "order": "ASCENDING" },
        { "fieldPath": "athleteId", "order": "ASCENDING" }
      ]
    },

    {
      "collectionGroup": "campaignAthletes",
      "queryScope": "COLLECTION",
      "fields": [
        { "fieldPath": "campaignId", "order": "ASCENDING" },
        { "fieldPath": "orgId", "order": "ASCENDING" }
      ]
    },

    {
      "collectionGroup": "campaigns",
      "queryScope": "COLLECTION",
      "fields": [
        { "fieldPath": "orgId", "order": "ASCENDING" },
        { "fieldPath": "startDate", "order": "DESCENDING" }
      ]
    },

    {
      "collectionGroup": "campaigns",
      "queryScope": "COLLECTION",
      "fields": [
        { "fieldPath": "orgId", "order": "ASCENDING" },
        { "fieldPath": "endDate", "order": "ASCENDING" }
      ]
    },

    {
      "collectionGroup": "donations",
      "queryScope": "COLLECTION",
      "fields": [
        { "fieldPath": "campaignId", "order": "ASCENDING" },
        { "fieldPath": "createdAt", "order": "DESCENDING" }
      ]
    },

    {
      "collectionGroup": "donations",
      "queryScope": "COLLECTION",
      "fields": [
        { "fieldPath": "athleteId", "order": "ASCENDING" },
        { "fieldPath": "createdAt", "order": "DESCENDING" }
      ]
    },

    {
      "collectionGroup": "donors",
      "queryScope": "COLLECTION",
      "fields": [
        { "fieldPath": "orgId", "order": "ASCENDING" },
        { "fieldPath": "createdAt", "order": "DESCENDING" }
      ]
    },

    {
      "collectionGroup": "users",
      "queryScope": "COLLECTION",
      "fields": [
        { "fieldPath": "orgId", "order": "ASCENDING" },
        { "fieldPath": "role", "order": "ASCENDING" }
      ]
    },

    {
      "collectionGroup": "users",
      "queryScope": "COLLECTION",
      "fields": [
        { "fieldPath": "teamId", "order": "ASCENDING" },
        { "fieldPath": "role", "order": "ASCENDING" }
      ]
    }
  ],
  "fieldOverrides": []
}
